transaction_id,route,seat_type,flight_occupancy_pct,seat_price_paid,is_visually_impaired,layout_bug_active,baggage_upsell_purchased,uses_postal_api,payment_declined
1000,bcn-cdg,window,96,84.2,0,1,0,0,0
1001,bcn-ory,middle,61,54.39,0,0,0,1,0
1002,bcn-ory,aisle,65,78.0,1,0,0,0,0
1003,bcn-ory,aisle,73,79.6,0,1,0,1,0
1004,bcn-ory,window,68,78.6,0,1,1,0,0
1005,bcn-ory,window,57,76.4,0,0,0,0,0
1006,bcn-cdg,window,80,81.0,0,0,0,1,0
1007,bcn-cdg,middle,70,54.3,0,1,0,0,0
1008,bcn-cdg,aisle,66,78.2,0,1,0,0,0
1009,bcn-cdg,aisle,72,79.4,0,1,0,0,0
1010,bcn-ory,window,86,82.2,0,1,0,0,0
1011,bcn-ory,middle,65,54.35,1,0,0,0,1
1012,bcn-cdg,middle,55,54.45,0,0,0,0,0
1013,bcn-cdg,window,57,76.4,0,1,0,1,0
1014,bcn-ory,window,74,79.8,0,0,0,0,1
1015,bcn-ory,window,67,78.4,1,0,1,1,0
1016,bcn-ory,window,74,79.8,0,0,1,0,0
1017,bcn-cdg,aisle,61,77.2,0,1,0,1,0
1018,bcn-ory,aisle,64,77.8,0,1,1,1,0
1019,bcn-ory,window,75,80.0,0,0,1,0,0
1020,bcn-cdg,aisle,90,83.0,0,0,0,1,1
1021,bcn-cdg,window,94,83.8,0,1,0,1,0
1022,bcn-cdg,window,75,80.0,0,1,1,1,0
1023,bcn-ory,window,96,84.2,0,0,1,1,1
1024,bcn-ory,aisle,81,81.2,0,0,0,0,1
1025,bcn-cdg,aisle,59,76.8,0,0,1,1,0
1026,bcn-ory,window,65,78.0,0,1,0,1,0
1027,bcn-ory,aisle,56,76.2,0,0,1,1,0
1028,bcn-ory,aisle,66,78.2,0,0,1,0,0
1029,bcn-cdg,window,72,79.4,0,1,0,1,0
1030,bcn-cdg,aisle,75,80.0,0,1,1,1,0
1031,bcn-ory,window,70,79.0,0,0,0,0,0
1032,bcn-ory,window,71,79.2,0,1,1,0,0
1033,bcn-ory,middle,56,54.44,0,0,1,0,0
1034,bcn-ory,middle,63,54.37,0,1,0,1,0
1035,bcn-cdg,middle,64,54.36,0,0,0,1,0
1036,bcn-cdg,window,56,76.2,0,1,0,1,0
1037,bcn-ory,window,58,76.6,0,0,1,1,0
1038,bcn-ory,aisle,97,84.4,1,1,0,1,0
1039,bcn-cdg,aisle,57,76.4,0,1,1,0,0
1040,bcn-ory,window,99,84.8,0,1,0,1,0
1041,bcn-cdg,aisle,72,79.4,0,1,0,1,0
1042,bcn-ory,window,78,80.6,0,1,0,1,0
1043,bcn-cdg,middle,67,54.33,0,0,1,1,0
1044,bcn-ory,window,80,81.0,0,0,1,1,0
1045,bcn-ory,aisle,79,80.8,0,1,1,1,0
1046,bcn-cdg,window,88,82.6,0,0,1,1,0
1047,bcn-cdg,aisle,84,81.8,0,1,1,1,0
1048,bcn-ory,aisle,67,78.4,0,1,0,1,0
1049,bcn-ory,window,91,83.2,0,0,0,0,1
1050,bcn-cdg,middle,88,54.12,0,1,0,0,0
1051,bcn-cdg,aisle,66,78.2,0,0,1,0,0
1052,bcn-ory,middle,63,54.37,0,1,1,1,0
1053,bcn-ory,middle,80,54.2,0,0,0,0,0
1054,bcn-cdg,aisle,73,79.6,0,0,1,0,1
1055,bcn-cdg,middle,84,54.16,0,1,1,0,0
1056,bcn-cdg,window,93,83.6,0,1,0,0,0
1057,bcn-cdg,window,94,83.8,0,1,0,1,0
1058,bcn-cdg,window,83,81.6,0,1,0,0,0
1059,bcn-ory,window,52,75.4,1,0,0,1,0
1060,bcn-ory,window,86,82.2,0,1,1,1,0
1061,bcn-cdg,window,92,83.4,1,0,0,1,0
1062,bcn-ory,middle,89,54.11,0,1,0,0,0
1063,bcn-ory,window,75,80.0,0,1,1,1,0
1064,bcn-cdg,window,72,79.4,0,1,1,1,1
1065,bcn-ory,aisle,93,83.6,0,1,1,1,0
1066,bcn-ory,window,88,82.6,0,0,0,1,0
1067,bcn-ory,middle,64,54.36,0,1,0,0,0
1068,bcn-cdg,window,98,84.6,0,0,1,0,0
1069,bcn-cdg,middle,53,54.47,0,1,0,0,1
1070,bcn-ory,aisle,78,80.6,1,0,0,1,0
1071,bcn-ory,window,71,79.2,0,1,0,0,0
1072,bcn-ory,window,74,79.8,0,1,0,0,0
1073,bcn-ory,middle,62,54.38,0,0,0,1,0
1074,bcn-ory,aisle,67,78.4,0,0,0,0,1
1075,bcn-ory,aisle,82,81.4,0,1,0,0,1
1076,bcn-cdg,aisle,65,78.0,0,0,0,1,0
1077,bcn-ory,window,94,83.8,0,0,0,0,0
1078,bcn-ory,window,91,83.2,0,0,0,0,1
1079,bcn-cdg,window,93,83.6,0,0,1,1,0
1080,bcn-ory,middle,51,54.49,0,1,0,1,0
1081,bcn-ory,aisle,84,81.8,1,1,0,1,0
1082,bcn-ory,window,91,83.2,0,0,0,1,0
1083,bcn-ory,window,83,81.6,0,0,0,1,0
1084,bcn-cdg,window,79,80.8,0,0,0,1,0
1085,bcn-ory,window,62,77.4,0,0,0,1,0
1086,bcn-cdg,aisle,62,77.4,0,0,1,1,0
1087,bcn-ory,aisle,67,78.4,0,0,0,1,0
1088,bcn-ory,middle,81,54.19,0,0,0,1,0
1089,bcn-cdg,aisle,81,81.2,0,1,1,0,0
1090,bcn-ory,window,84,81.8,0,0,0,0,0
1091,bcn-cdg,aisle,88,82.6,0,1,0,0,0
1092,bcn-cdg,aisle,95,84.0,0,1,0,1,0
1093,bcn-cdg,aisle,78,80.6,0,1,1,1,0
1094,bcn-ory,aisle,98,84.6,0,1,0,1,0
1095,bcn-ory,aisle,78,80.6,0,1,0,0,0
1096,bcn-ory,aisle,93,83.6,0,1,0,1,0
1097,bcn-ory,aisle,65,78.0,0,1,1,0,0
1098,bcn-cdg,window,93,83.6,0,1,0,0,0
1099,bcn-ory,window,96,84.2,0,1,1,0,0
1100,bcn-ory,window,59,76.8,0,1,0,1,0
1101,bcn-cdg,aisle,79,80.8,0,0,1,1,0
1102,bcn-cdg,window,74,79.8,0,0,1,1,0
1103,bcn-ory,aisle,88,82.6,0,0,0,0,0
1104,bcn-cdg,middle,69,54.31,0,1,0,1,0
1105,bcn-cdg,window,54,75.8,0,1,0,1,0
1106,bcn-cdg,aisle,50,75.0,0,1,0,0,0
1107,bcn-cdg,aisle,79,80.8,0,1,1,1,0
1108,bcn-cdg,window,98,84.6,0,0,0,1,0
1109,bcn-ory,window,52,75.4,0,0,0,1,0
1110,bcn-ory,window,94,83.8,0,1,0,1,0
1111,bcn-ory,window,63,77.6,0,1,1,1,0
1112,bcn-ory,middle,79,54.21,0,1,0,0,0
1113,bcn-ory,middle,99,54.01,0,0,0,1,0
1114,bcn-ory,aisle,53,75.6,0,1,0,0,0
1115,bcn-ory,middle,67,54.33,0,1,1,0,0
1116,bcn-cdg,middle,86,54.14,0,1,0,0,0
1117,bcn-ory,window,74,79.8,0,1,0,1,0
1118,bcn-ory,middle,97,54.03,0,1,0,1,0
1119,bcn-ory,aisle,50,75.0,0,0,0,0,0
1120,bcn-cdg,middle,95,54.05,0,1,0,1,0
1121,bcn-ory,middle,64,54.36,1,1,0,1,0
1122,bcn-ory,window,58,76.6,0,1,1,0,0
1123,bcn-cdg,window,64,77.8,0,1,0,0,0
1124,bcn-ory,window,98,84.6,0,0,1,1,0
1125,bcn-ory,aisle,73,79.6,0,0,0,0,0
1126,bcn-cdg,middle,53,54.47,0,1,1,1,0
1127,bcn-ory,middle,61,54.39,0,1,1,0,0
1128,bcn-cdg,window,86,82.2,0,1,0,1,0
1129,bcn-ory,aisle,86,82.2,0,0,1,1,0
1130,bcn-ory,aisle,92,83.4,0,1,0,1,0
1131,bcn-ory,window,55,76.0,0,1,0,1,0
1132,bcn-cdg,window,88,82.6,0,1,0,1,0
1133,bcn-cdg,window,95,84.0,0,0,0,1,0
1134,bcn-cdg,middle,73,54.27,0,1,1,1,0
1135,bcn-ory,window,60,77.0,0,1,1,0,0
1136,bcn-ory,aisle,62,77.4,0,0,0,1,0
1137,bcn-cdg,aisle,83,81.6,0,1,1,0,0
1138,bcn-cdg,window,74,79.8,0,1,1,1,0
1139,bcn-ory,middle,56,54.44,0,1,0,0,0
1140,bcn-ory,middle,53,54.47,0,0,0,1,0
1141,bcn-ory,window,57,76.4,0,0,0,0,1
1142,bcn-ory,aisle,69,78.8,0,0,1,1,0
1143,bcn-cdg,window,78,80.6,0,0,1,1,0
1144,bcn-ory,window,94,83.8,0,0,0,0,0
1145,bcn-ory,window,95,84.0,0,1,1,1,0
1146,bcn-ory,aisle,59,76.8,0,0,0,0,1
1147,bcn-ory,aisle,92,83.4,0,1,0,1,0
1148,bcn-ory,window,83,81.6,0,1,0,1,0
1149,bcn-ory,window,75,80.0,0,1,0,0,0
1150,bcn-ory,middle,90,54.1,1,1,0,1,0
1151,bcn-cdg,window,98,84.6,0,1,0,0,0
1152,bcn-cdg,window,52,75.4,0,1,0,0,0
1153,bcn-cdg,aisle,55,76.0,0,0,0,1,0
1154,bcn-ory,middle,54,54.46,1,0,0,0,0
1155,bcn-cdg,window,54,75.8,0,1,1,1,0
1156,bcn-ory,aisle,96,84.2,0,1,0,1,0
1157,bcn-ory,aisle,72,79.4,0,0,1,0,1
1158,bcn-ory,window,98,84.6,1,1,0,1,0
1159,bcn-ory,aisle,58,76.6,0,1,0,0,1
1160,bcn-cdg,window,84,81.8,0,0,1,1,0
1161,bcn-ory,aisle,69,78.8,0,1,0,0,0
1162,bcn-ory,aisle,98,84.6,0,1,0,0,0
1163,bcn-cdg,aisle,91,83.2,0,0,1,0,0
1164,bcn-cdg,window,84,81.8,0,1,0,1,0
1165,bcn-cdg,middle,99,54.01,0,0,0,1,0
1166,bcn-ory,window,67,78.4,0,1,0,1,0
1167,bcn-cdg,window,66,78.2,0,0,0,1,0
1168,bcn-ory,window,73,79.6,0,0,0,1,0
1169,bcn-ory,aisle,52,75.4,0,1,0,1,0
1170,bcn-cdg,aisle,81,81.2,1,1,0,0,0
1171,bcn-cdg,window,84,81.8,0,0,1,1,0
1172,bcn-cdg,aisle,87,82.4,0,0,1,1,0
1173,bcn-ory,window,62,77.4,0,1,0,0,0
1174,bcn-ory,aisle,96,84.2,0,0,1,1,0
1175,bcn-ory,window,74,79.8,0,0,0,1,1
1176,bcn-ory,aisle,58,76.6,0,0,1,1,0
1177,bcn-ory,window,53,75.6,0,0,1,1,0
1178,bcn-ory,middle,63,54.37,0,1,1,0,0
1179,bcn-cdg,window,86,82.2,0,1,0,0,0
1180,bcn-ory,window,83,81.6,0,0,0,0,0
1181,bcn-cdg,window,60,77.0,0,1,0,1,0
1182,bcn-cdg,middle,90,54.1,1,0,1,0,0
1183,bcn-cdg,middle,52,54.48,1,1,0,1,0
1184,bcn-cdg,window,77,80.4,1,1,0,0,0
1185,bcn-cdg,aisle,78,80.6,0,0,0,0,0
1186,bcn-ory,middle,58,54.42,0,1,0,1,0
1187,bcn-ory,aisle,52,75.4,0,1,0,1,0
1188,bcn-ory,aisle,74,79.8,0,0,0,0,0
1189,bcn-ory,window,83,81.6,0,0,0,1,0
1190,bcn-cdg,window,61,77.2,0,0,0,1,0
1191,bcn-cdg,middle,91,54.09,0,1,1,0,0
1192,bcn-cdg,middle,58,54.42,0,1,0,0,0
1193,bcn-ory,aisle,64,77.8,0,1,0,1,0
1194,bcn-ory,window,89,82.8,0,1,1,1,0
1195,bcn-ory,window,74,79.8,0,1,1,0,0
1196,bcn-ory,aisle,54,75.8,0,1,1,1,0
1197,bcn-cdg,middle,60,54.4,1,1,0,1,0
1198,bcn-cdg,middle,83,54.17,0,0,1,1,0
1199,bcn-ory,aisle,73,79.6,0,1,1,1,0
1200,bcn-ory,aisle,64,77.8,0,1,0,1,0
1201,bcn-cdg,window,87,82.4,0,0,0,1,0
1202,bcn-cdg,window,57,76.4,0,1,0,1,1
1203,bcn-cdg,middle,54,54.46,1,0,0,1,0
1204,bcn-cdg,aisle,97,84.4,0,1,1,1,0
1205,bcn-ory,window,75,80.0,0,1,0,1,0
1206,bcn-cdg,window,67,78.4,0,0,1,0,0
1207,bcn-cdg,aisle,55,76.0,0,0,0,1,0
1208,bcn-cdg,window,86,82.2,0,0,0,1,0
1209,bcn-cdg,window,97,84.4,0,1,0,1,0
1210,bcn-ory,aisle,62,77.4,0,0,0,1,0
1211,bcn-ory,aisle,77,80.4,1,1,0,1,0
1212,bcn-ory,aisle,54,75.8,0,0,1,0,0
1213,bcn-ory,window,62,77.4,0,1,0,1,0
1214,bcn-ory,aisle,66,78.2,0,1,0,1,0
1215,bcn-ory,window,99,84.8,0,0,0,0,0
1216,bcn-cdg,window,89,82.8,0,1,1,0,0
1217,bcn-cdg,aisle,94,83.8,0,0,0,1,0
1218,bcn-cdg,aisle,81,81.2,0,1,0,0,1
1219,bcn-cdg,middle,78,54.22,0,0,0,0,0
1220,bcn-ory,aisle,52,75.4,0,0,1,1,0
1221,bcn-cdg,aisle,89,82.8,0,0,0,1,0
1222,bcn-ory,window,83,81.6,0,0,0,1,0
1223,bcn-cdg,window,89,82.8,0,0,1,1,0
1224,bcn-cdg,window,76,80.2,1,1,0,0,0
1225,bcn-cdg,window,62,77.4,0,1,0,1,0
1226,bcn-ory,middle,94,54.06,0,0,1,1,0
1227,bcn-cdg,window,82,81.4,0,1,1,1,0
1228,bcn-ory,middle,55,54.45,1,0,0,1,0
1229,bcn-ory,aisle,73,79.6,0,1,0,1,0
1230,bcn-cdg,aisle,68,78.6,0,1,0,1,0
1231,bcn-ory,aisle,65,78.0,0,1,1,1,0
1232,bcn-ory,aisle,89,82.8,0,1,0,1,0
1233,bcn-cdg,aisle,77,80.4,0,0,1,1,0
1234,bcn-cdg,window,82,81.4,0,1,0,1,0
1235,bcn-cdg,aisle,97,84.4,0,1,0,1,0
1236,bcn-cdg,window,90,83.0,1,0,1,1,0
1237,bcn-cdg,window,62,77.4,0,1,1,1,0
1238,bcn-cdg,aisle,92,83.4,0,0,0,1,0
1239,bcn-ory,window,94,83.8,0,1,0,1,0
1240,bcn-cdg,middle,74,54.26,0,0,0,1,0
1241,bcn-cdg,middle,91,54.09,0,0,1,1,0
1242,bcn-ory,middle,85,54.15,0,1,1,1,0
1243,bcn-cdg,window,76,80.2,0,1,0,1,0
1244,bcn-ory,window,87,82.4,0,0,1,1,0
1245,bcn-cdg,middle,56,54.44,0,0,0,1,0
1246,bcn-cdg,aisle,54,75.8,0,1,0,1,1
1247,bcn-ory,middle,92,54.08,0,0,0,1,0
1248,bcn-cdg,middle,94,54.06,0,0,0,1,0
1249,bcn-ory,middle,80,54.2,1,1,0,0,0
1250,bcn-cdg,window,72,79.4,0,1,0,1,0
1251,bcn-cdg,window,91,83.2,0,0,0,1,0
1252,bcn-ory,middle,59,54.41,0,1,1,1,0
1253,bcn-cdg,window,81,81.2,0,1,0,1,0
1254,bcn-cdg,window,92,83.4,0,1,0,1,0
1255,bcn-ory,aisle,79,80.8,0,1,0,1,0
1256,bcn-cdg,middle,88,54.12,0,0,1,1,0
1257,bcn-ory,aisle,80,81.0,0,0,0,1,0
1258,bcn-cdg,aisle,67,78.4,0,0,0,1,0
1259,bcn-ory,window,85,82.0,0,1,1,0,0
1260,bcn-cdg,aisle,51,75.2,0,0,0,1,0
1261,bcn-ory,middle,63,54.37,0,1,0,1,0
1262,bcn-ory,window,62,77.4,0,0,1,0,0
1263,bcn-cdg,aisle,78,80.6,0,0,0,1,0
1264,bcn-cdg,middle,61,54.39,0,1,0,1,0
1265,bcn-ory,aisle,88,82.6,0,0,0,0,0
1266,bcn-cdg,aisle,51,75.2,0,0,0,1,0
1267,bcn-ory,aisle,81,81.2,0,1,0,0,1
1268,bcn-cdg,window,62,77.4,0,0,0,1,0
1269,bcn-cdg,window,95,84.0,0,1,0,1,0
1270,bcn-ory,middle,76,54.24,0,1,0,1,0
1271,bcn-ory,middle,98,54.02,0,0,1,0,0
1272,bcn-cdg,middle,90,54.1,0,1,0,0,0
1273,bcn-cdg,middle,66,54.34,0,1,0,0,0
1274,bcn-cdg,aisle,89,82.8,0,0,1,1,0
1275,bcn-cdg,aisle,80,81.0,0,0,1,0,0
1276,bcn-cdg,aisle,83,81.6,0,0,0,1,0
1277,bcn-ory,aisle,73,79.6,0,1,1,0,0
1278,bcn-cdg,aisle,94,83.8,0,0,0,1,0
1279,bcn-cdg,aisle,84,81.8,0,1,0,0,0
1280,bcn-ory,middle,97,54.03,0,1,1,0,1
1281,bcn-ory,window,55,76.0,0,1,0,1,0
1282,bcn-ory,window,68,78.6,0,0,0,0,0
1283,bcn-cdg,window,79,80.8,0,0,0,0,1
1284,bcn-ory,aisle,56,76.2,0,1,0,1,0
1285,bcn-ory,window,59,76.8,0,0,0,1,0
1286,bcn-ory,aisle,90,83.0,0,0,1,1,0
1287,bcn-ory,aisle,81,81.2,0,0,0,0,0
1288,bcn-cdg,window,83,81.6,0,0,1,1,0
1289,bcn-cdg,aisle,77,80.4,0,1,0,0,1
1290,bcn-cdg,window,64,77.8,0,0,1,0,1
1291,bcn-ory,window,79,80.8,0,0,1,1,0
1292,bcn-ory,middle,86,54.14,0,0,1,1,0
1293,bcn-ory,window,78,80.6,0,1,0,0,0
1294,bcn-ory,window,71,79.2,0,1,0,1,0
1295,bcn-ory,aisle,53,75.6,0,0,0,0,1
1296,bcn-ory,aisle,69,78.8,0,1,1,1,0
1297,bcn-cdg,window,81,81.2,0,1,1,0,0
1298,bcn-cdg,aisle,85,82.0,0,1,0,0,0
1299,bcn-ory,window,99,84.8,0,1,0,1,0
1300,bcn-cdg,window,53,75.6,0,0,0,1,0
1301,bcn-ory,aisle,76,80.2,0,0,0,1,0
1302,bcn-ory,aisle,66,78.2,0,0,0,0,1
1303,bcn-cdg,aisle,61,77.2,0,0,1,0,0
1304,bcn-ory,aisle,71,79.2,0,1,1,1,0
1305,bcn-cdg,middle,66,54.34,0,0,0,0,1
1306,bcn-ory,aisle,59,76.8,0,0,0,1,0
1307,bcn-ory,window,50,75.0,0,1,0,0,0
1308,bcn-cdg,aisle,71,79.2,0,1,0,1,0
1309,bcn-ory,window,75,80.0,0,0,0,1,0
1310,bcn-ory,aisle,67,78.4,0,0,0,0,0
1311,bcn-ory,window,99,84.8,0,0,1,1,0
1312,bcn-cdg,window,63,77.6,0,1,0,1,0
1313,bcn-ory,middle,96,54.04,0,0,0,0,0
1314,bcn-ory,middle,78,54.22,0,0,1,1,1
1315,bcn-ory,aisle,61,77.2,0,1,1,1,0
1316,bcn-cdg,aisle,85,82.0,0,0,0,0,0
1317,bcn-cdg,window,84,81.8,0,1,0,1,0
1318,bcn-cdg,window,61,77.2,0,0,0,0,0
1319,bcn-cdg,window,56,76.2,0,0,1,1,0
1320,bcn-cdg,aisle,78,80.6,0,1,1,1,0
1321,bcn-ory,aisle,60,77.0,1,1,0,1,0
1322,bcn-cdg,aisle,82,81.4,0,0,0,1,0
1323,bcn-cdg,window,55,76.0,0,1,1,1,0
1324,bcn-ory,middle,96,54.04,0,1,0,1,0
1325,bcn-cdg,aisle,64,77.8,0,1,0,0,0
1326,bcn-ory,aisle,81,81.2,0,0,0,1,1
1327,bcn-cdg,aisle,60,77.0,0,1,0,0,1
1328,bcn-ory,aisle,72,79.4,0,0,0,1,0
1329,bcn-ory,window,75,80.0,0,0,1,1,1
1330,bcn-cdg,window,83,81.6,0,0,1,0,0
1331,bcn-cdg,aisle,95,84.0,0,0,0,0,0
1332,bcn-ory,window,83,81.6,0,1,0,0,0
1333,bcn-ory,window,78,80.6,0,0,0,1,0
1334,bcn-ory,window,53,75.6,0,0,0,1,0
1335,bcn-ory,window,66,78.2,0,1,0,1,0
1336,bcn-ory,middle,84,54.16,0,0,1,1,0
1337,bcn-ory,aisle,62,77.4,0,0,0,1,0
1338,bcn-ory,aisle,90,83.0,0,0,0,0,0
1339,bcn-cdg,window,88,82.6,0,0,0,0,0
1340,bcn-ory,aisle,64,77.8,1,0,1,1,0
1341,bcn-cdg,aisle,78,80.6,0,1,1,1,0
1342,bcn-cdg,window,78,80.6,0,0,1,0,0
1343,bcn-ory,aisle,60,77.0,1,0,1,0,0
1344,bcn-ory,window,81,81.2,0,1,0,0,0
1345,bcn-cdg,aisle,51,75.2,0,1,0,1,0
1346,bcn-ory,aisle,96,84.2,1,0,1,0,0
1347,bcn-ory,window,63,77.6,0,1,0,1,0
1348,bcn-cdg,window,69,78.8,0,0,0,1,0
1349,bcn-cdg,aisle,71,79.2,0,0,0,0,0
1350,bcn-cdg,aisle,60,77.0,0,1,0,1,0
1351,bcn-ory,middle,76,54.24,0,0,0,1,0
1352,bcn-ory,aisle,52,75.4,1,1,0,1,0
1353,bcn-cdg,window,66,78.2,0,0,1,1,0
1354,bcn-ory,window,93,83.6,0,1,0,1,0
1355,bcn-cdg,aisle,77,80.4,0,0,0,1,0
1356,bcn-ory,window,78,80.6,0,1,0,1,0
1357,bcn-cdg,aisle,70,79.0,0,1,0,0,1
1358,bcn-ory,middle,96,54.04,0,1,0,0,0
1359,bcn-cdg,aisle,65,78.0,0,0,0,0,0
1360,bcn-ory,window,86,82.2,0,1,0,0,1
1361,bcn-ory,aisle,69,78.8,1,1,0,0,0
1362,bcn-cdg,aisle,55,76.0,0,1,0,0,0
1363,bcn-ory,aisle,68,78.6,0,1,0,1,0
1364,bcn-ory,middle,54,54.46,0,1,0,1,0
1365,bcn-cdg,window,52,75.4,0,0,0,1,0
1366,bcn-ory,middle,50,54.5,0,0,0,1,0
1367,bcn-ory,middle,87,54.13,0,0,0,1,0
1368,bcn-ory,window,64,77.8,0,0,0,1,0
1369,bcn-cdg,window,83,81.6,0,1,0,1,0
1370,bcn-cdg,window,84,81.8,0,1,0,0,1
1371,bcn-cdg,window,98,84.6,0,1,1,1,0
1372,bcn-cdg,window,74,79.8,0,0,1,1,0
1373,bcn-cdg,aisle,73,79.6,1,1,0,1,0
1374,bcn-ory,window,61,77.2,0,1,1,0,0
1375,bcn-ory,window,67,78.4,0,1,0,0,0
1376,bcn-cdg,middle,64,54.36,0,1,1,1,0
1377,bcn-ory,window,93,83.6,0,0,0,1,0
1378,bcn-ory,middle,65,54.35,0,1,0,0,0
1379,bcn-ory,window,76,80.2,0,1,0,0,0
1380,bcn-ory,window,57,76.4,0,0,0,1,0
1381,bcn-cdg,aisle,95,84.0,0,0,1,1,0
1382,bcn-cdg,aisle,74,79.8,1,1,0,0,0
1383,bcn-ory,middle,66,54.34,0,1,1,1,0
1384,bcn-ory,aisle,78,80.6,0,1,0,0,0
1385,bcn-cdg,middle,57,54.43,0,1,0,0,0
1386,bcn-ory,window,64,77.8,0,0,0,1,0
1387,bcn-ory,window,76,80.2,0,0,0,0,0
1388,bcn-ory,aisle,95,84.0,0,0,1,1,0
1389,bcn-cdg,middle,99,54.01,0,0,0,1,0
1390,bcn-cdg,middle,56,54.44,0,0,0,1,0
1391,bcn-ory,aisle,52,75.4,0,0,1,0,1
1392,bcn-ory,window,78,80.6,0,0,0,0,0
1393,bcn-ory,aisle,93,83.6,0,1,1,0,0
1394,bcn-ory,window,73,79.6,0,0,0,1,0
1395,bcn-ory,middle,52,54.48,0,1,0,1,0
1396,bcn-ory,middle,69,54.31,0,1,0,1,0
1397,bcn-cdg,aisle,95,84.0,0,0,0,1,0
1398,bcn-cdg,aisle,64,77.8,0,0,0,1,0
1399,bcn-ory,aisle,74,79.8,0,0,0,1,0
1400,bcn-cdg,window,79,80.8,0,0,1,0,0
1401,bcn-ory,middle,63,54.37,0,1,1,0,1
1402,bcn-ory,aisle,56,76.2,0,0,0,1,0
1403,bcn-cdg,middle,66,54.34,0,0,0,0,0
1404,bcn-cdg,window,93,83.6,0,0,0,0,0
1405,bcn-ory,middle,69,54.31,0,1,0,1,0
1406,bcn-ory,window,85,82.0,1,1,0,1,0
1407,bcn-cdg,window,58,76.6,0,1,0,0,0
1408,bcn-cdg,middle,87,54.13,0,0,0,1,0
1409,bcn-ory,window,97,84.4,0,1,0,1,0
1410,bcn-ory,window,71,79.2,0,1,1,1,0
1411,bcn-ory,middle,51,54.49,0,1,0,0,0
1412,bcn-cdg,middle,73,54.27,1,1,0,0,0
1413,bcn-ory,aisle,57,76.4,1,0,0,1,0
1414,bcn-cdg,aisle,60,77.0,0,1,0,1,0
1415,bcn-ory,aisle,62,77.4,0,1,0,1,0
1416,bcn-cdg,window,66,78.2,0,0,0,1,0
1417,bcn-cdg,window,57,76.4,0,0,1,0,0
1418,bcn-cdg,aisle,70,79.0,0,1,0,0,0
1419,bcn-cdg,aisle,67,78.4,0,0,0,1,0
1420,bcn-ory,aisle,79,80.8,0,1,1,0,0
1421,bcn-cdg,aisle,67,78.4,1,1,0,0,0
1422,bcn-cdg,window,95,84.0,0,1,0,1,0
1423,bcn-cdg,aisle,96,84.2,0,0,0,0,0
1424,bcn-ory,window,80,81.0,0,1,0,0,1
1425,bcn-ory,aisle,87,82.4,0,0,1,1,0
1426,bcn-ory,aisle,81,81.2,0,1,0,0,0
1427,bcn-ory,middle,60,54.4,0,0,0,0,0
1428,bcn-ory,window,94,83.8,0,1,0,1,0
1429,bcn-ory,window,74,79.8,0,1,0,1,0
1430,bcn-cdg,window,82,81.4,0,1,0,0,0
1431,bcn-cdg,aisle,87,82.4,0,1,0,1,0
1432,bcn-cdg,aisle,90,83.0,0,1,0,0,0
1433,bcn-ory,window,57,76.4,0,1,0,1,0
1434,bcn-cdg,window,60,77.0,0,0,0,1,0
1435,bcn-cdg,aisle,71,79.2,0,1,0,1,0
1436,bcn-ory,window,73,79.6,0,0,0,1,0
1437,bcn-cdg,middle,90,54.1,0,1,0,0,0
1438,bcn-ory,aisle,66,78.2,0,0,0,0,0
1439,bcn-cdg,window,61,77.2,0,0,1,1,0
1440,bcn-ory,window,95,84.0,0,1,1,0,1
1441,bcn-ory,middle,81,54.19,0,0,1,0,0
1442,bcn-ory,window,64,77.8,1,0,1,1,0
1443,bcn-cdg,window,65,78.0,0,1,0,1,0
1444,bcn-cdg,middle,71,54.29,0,1,0,1,0
1445,bcn-ory,middle,77,54.23,0,1,0,0,0
1446,bcn-ory,middle,69,54.31,0,0,0,1,0
1447,bcn-cdg,aisle,82,81.4,0,1,1,0,1
1448,bcn-cdg,window,59,76.8,0,0,0,0,0
1449,bcn-ory,window,89,82.8,0,1,0,1,0
1450,bcn-cdg,aisle,81,81.2,0,1,1,0,0
1451,bcn-cdg,aisle,99,84.8,0,1,1,0,0
1452,bcn-cdg,aisle,82,81.4,0,0,1,1,0
1453,bcn-ory,middle,51,54.49,0,0,0,0,0
1454,bcn-ory,window,82,81.4,0,0,0,0,0
1455,bcn-cdg,aisle,82,81.4,1,0,0,0,1
1456,bcn-ory,window,90,83.0,0,0,0,1,0
1457,bcn-cdg,aisle,62,77.4,0,1,0,1,0
1458,bcn-cdg,window,79,80.8,0,0,0,1,0
1459,bcn-ory,window,82,81.4,0,1,1,1,0
1460,bcn-ory,window,62,77.4,0,0,0,1,0
1461,bcn-ory,aisle,75,80.0,0,1,1,1,0
1462,bcn-cdg,aisle,71,79.2,0,1,1,0,0
1463,bcn-cdg,aisle,88,82.6,0,0,0,0,0
1464,bcn-ory,middle,51,54.49,0,0,1,1,0
1465,bcn-ory,window,87,82.4,0,1,0,0,0
1466,bcn-ory,window,88,82.6,0,0,0,1,0
1467,bcn-cdg,middle,75,54.25,0,1,1,1,0
1468,bcn-cdg,window,95,84.0,0,1,0,1,0
1469,bcn-cdg,middle,99,54.01,0,1,1,1,0
1470,bcn-ory,window,64,77.8,0,0,0,1,0
1471,bcn-ory,middle,83,54.17,0,1,0,0,0
1472,bcn-cdg,window,91,83.2,0,1,0,1,0
1473,bcn-ory,middle,93,54.07,0,1,0,1,0
1474,bcn-ory,aisle,98,84.6,0,0,0,1,0
1475,bcn-ory,middle,89,54.11,0,1,0,0,0
1476,bcn-ory,window,60,77.0,0,0,1,0,0
1477,bcn-cdg,aisle,52,75.4,0,1,1,0,0
1478,bcn-ory,middle,55,54.45,0,0,0,1,0
1479,bcn-cdg,aisle,58,76.6,0,1,1,1,0
1480,bcn-cdg,aisle,55,76.0,0,0,1,0,0
1481,bcn-ory,aisle,58,76.6,0,1,1,1,0
1482,bcn-cdg,aisle,88,82.6,0,1,0,0,0
1483,bcn-cdg,aisle,80,81.0,0,1,0,1,0
1484,bcn-ory,aisle,81,81.2,0,1,1,1,0
1485,bcn-cdg,middle,90,54.1,0,0,0,0,0
1486,bcn-cdg,window,99,84.8,0,1,1,1,0
1487,bcn-cdg,window,61,77.2,0,0,0,1,0
1488,bcn-cdg,middle,57,54.43,0,1,0,1,0
1489,bcn-cdg,middle,57,54.43,0,1,0,1,0
1490,bcn-cdg,aisle,99,84.8,0,1,0,1,0
1491,bcn-cdg,aisle,77,80.4,0,0,0,0,0
1492,bcn-cdg,window,69,78.8,0,1,1,1,0
1493,bcn-ory,window,96,84.2,0,1,0,1,0
1494,bcn-ory,aisle,56,76.2,0,0,1,1,0
1495,bcn-ory,window,60,77.0,0,1,1,0,0
1496,bcn-cdg,aisle,69,78.8,1,0,0,0,0
1497,bcn-cdg,window,65,78.0,0,0,1,0,0
1498,bcn-cdg,middle,53,54.47,0,0,1,0,0
1499,bcn-ory,middle,55,54.45,0,0,1,0,0
1500,bcn-ory,aisle,71,79.2,0,1,1,1,0
1501,bcn-ory,aisle,75,80.0,1,0,1,0,0
1502,bcn-cdg,window,52,75.4,0,0,0,0,0
1503,bcn-ory,middle,90,54.1,0,0,0,1,0
1504,bcn-ory,aisle,91,83.2,0,1,1,0,0
1505,bcn-cdg,window,63,77.6,0,1,0,0,0
1506,bcn-ory,middle,60,54.4,1,0,0,0,0
1507,bcn-cdg,middle,67,54.33,1,0,0,0,0
1508,bcn-ory,middle,61,54.39,0,1,1,1,0
1509,bcn-cdg,aisle,72,79.4,0,0,0,0,0
1510,bcn-cdg,aisle,61,77.2,0,0,1,1,0
1511,bcn-cdg,aisle,62,77.4,0,0,0,1,0
1512,bcn-cdg,middle,74,54.26,0,1,0,1,0
1513,bcn-cdg,middle,94,54.06,0,0,0,1,0
1514,bcn-ory,window,68,78.6,0,1,0,1,0
1515,bcn-cdg,window,95,84.0,0,0,1,1,0
1516,bcn-cdg,window,85,82.0,1,1,0,0,0
1517,bcn-cdg,middle,94,54.06,0,0,1,0,0
1518,bcn-cdg,middle,57,54.43,0,1,0,1,0
1519,bcn-ory,window,78,80.6,0,0,0,0,0
1520,bcn-cdg,aisle,81,81.2,0,0,1,0,1
1521,bcn-ory,window,93,83.6,0,1,1,1,0
1522,bcn-cdg,middle,67,54.33,1,0,0,1,0
1523,bcn-cdg,middle,55,54.45,0,1,0,0,0
1524,bcn-ory,middle,67,54.33,0,1,0,1,0
1525,bcn-ory,aisle,68,78.6,0,1,1,0,0
1526,bcn-ory,aisle,71,79.2,0,0,0,1,0
1527,bcn-cdg,window,86,82.2,0,1,0,0,1
1528,bcn-ory,window,81,81.2,0,0,0,0,0
1529,bcn-cdg,middle,90,54.1,0,1,1,1,0
1530,bcn-ory,middle,52,54.48,0,1,0,1,0
1531,bcn-ory,middle,77,54.23,0,1,0,1,0
1532,bcn-cdg,middle,59,54.41,0,0,0,1,0
1533,bcn-ory,aisle,84,81.8,0,1,0,0,0
1534,bcn-ory,aisle,78,80.6,0,0,0,1,0
1535,bcn-cdg,middle,64,54.36,0,1,1,0,0
1536,bcn-cdg,middle,82,54.18,0,0,1,0,1
1537,bcn-cdg,window,56,76.2,0,1,1,0,0
1538,bcn-ory,aisle,61,77.2,0,1,1,1,0
1539,bcn-ory,window,98,84.6,0,1,0,1,0
1540,bcn-ory,middle,79,54.21,0,0,1,1,0
1541,bcn-ory,aisle,70,79.0,0,1,0,1,0
1542,bcn-ory,window,80,81.0,0,0,1,0,1
1543,bcn-cdg,aisle,73,79.6,0,0,1,1,0
1544,bcn-ory,aisle,69,78.8,0,0,0,1,0
1545,bcn-cdg,window,86,82.2,0,0,0,0,0
1546,bcn-ory,window,53,75.6,0,0,0,1,0
1547,bcn-cdg,aisle,77,80.4,0,1,0,0,0
1548,bcn-ory,aisle,93,83.6,0,0,0,1,0
1549,bcn-ory,aisle,69,78.8,0,0,1,1,0
1550,bcn-cdg,aisle,73,79.6,0,1,1,1,0
1551,bcn-ory,middle,99,54.01,0,0,0,0,0
1552,bcn-cdg,aisle,98,84.6,0,1,0,0,0
1553,bcn-ory,aisle,81,81.2,1,1,0,0,1
1554,bcn-ory,middle,90,54.1,0,1,1,0,0
1555,bcn-cdg,aisle,85,82.0,0,1,0,0,1
1556,bcn-ory,window,83,81.6,0,1,0,1,0
1557,bcn-cdg,window,85,82.0,0,1,0,1,0
1558,bcn-ory,aisle,51,75.2,0,0,0,1,0
1559,bcn-ory,aisle,64,77.8,0,1,0,1,0
1560,bcn-ory,aisle,83,81.6,0,0,1,0,0
1561,bcn-ory,window,85,82.0,0,1,0,1,0
1562,bcn-ory,window,55,76.0,0,0,1,0,0
1563,bcn-ory,window,88,82.6,0,1,0,1,0
1564,bcn-ory,window,91,83.2,0,0,1,1,0
1565,bcn-cdg,aisle,61,77.2,0,1,1,1,0
1566,bcn-ory,window,52,75.4,0,0,0,0,0
1567,bcn-ory,aisle,94,83.8,0,1,0,1,0
1568,bcn-ory,middle,67,54.33,0,1,0,1,0
1569,bcn-cdg,window,89,82.8,0,0,1,0,0
1570,bcn-cdg,aisle,70,79.0,0,1,0,1,0
1571,bcn-ory,aisle,64,77.8,0,1,1,1,1
1572,bcn-ory,window,82,81.4,0,1,0,1,0
1573,bcn-ory,aisle,84,81.8,0,0,1,0,0
1574,bcn-cdg,middle,75,54.25,0,0,1,0,0
1575,bcn-ory,middle,57,54.43,0,0,1,0,1
1576,bcn-cdg,window,85,82.0,0,0,0,0,0
1577,bcn-ory,middle,97,54.03,0,1,0,0,1
1578,bcn-cdg,aisle,79,80.8,0,0,1,0,0
1579,bcn-cdg,window,72,79.4,0,1,0,1,0
1580,bcn-ory,aisle,91,83.2,0,0,0,1,0
1581,bcn-ory,middle,93,54.07,0,1,0,0,0
1582,bcn-ory,aisle,63,77.6,0,1,0,0,0
1583,bcn-ory,window,63,77.6,0,1,0,1,0
1584,bcn-ory,aisle,51,75.2,1,0,0,0,1
1585,bcn-ory,window,86,82.2,0,0,0,1,0
1586,bcn-ory,window,54,75.8,0,0,1,1,0
1587,bcn-cdg,window,87,82.4,1,0,1,1,0
1588,bcn-ory,window,94,83.8,0,0,1,1,0
1589,bcn-ory,window,90,83.0,0,0,1,1,0
1590,bcn-cdg,window,96,84.2,0,0,0,1,0
1591,bcn-ory,aisle,63,77.6,1,1,0,0,0
1592,bcn-ory,window,88,82.6,0,0,0,1,0
1593,bcn-ory,window,74,79.8,0,0,0,1,0
1594,bcn-ory,middle,69,54.31,0,0,1,0,0
1595,bcn-cdg,aisle,51,75.2,0,1,0,0,0
1596,bcn-cdg,aisle,88,82.6,0,1,0,0,0
1597,bcn-ory,window,55,76.0,0,1,0,1,0
1598,bcn-ory,window,66,78.2,0,1,0,0,0
1599,bcn-cdg,window,74,79.8,0,0,1,0,0
1600,bcn-ory,window,77,80.4,0,1,0,0,0
1601,bcn-cdg,window,51,75.2,0,0,1,1,0
1602,bcn-cdg,window,84,81.8,0,0,0,0,0
1603,bcn-cdg,window,86,82.2,0,1,0,1,0
1604,bcn-ory,window,54,75.8,0,1,1,1,0
1605,bcn-ory,aisle,50,75.0,0,0,0,1,0
1606,bcn-ory,window,89,82.8,0,1,1,1,0
1607,bcn-cdg,window,61,77.2,0,1,1,0,0
1608,bcn-ory,aisle,85,82.0,0,0,1,0,0
1609,bcn-ory,aisle,94,83.8,0,0,1,1,0
1610,bcn-cdg,window,72,79.4,0,0,0,0,0
1611,bcn-ory,aisle,96,84.2,0,0,1,0,0
1612,bcn-ory,aisle,80,81.0,0,0,0,1,0
1613,bcn-ory,window,60,77.0,0,0,1,0,1
1614,bcn-cdg,middle,59,54.41,0,0,1,1,0
1615,bcn-ory,middle,52,54.48,1,1,1,0,0
1616,bcn-cdg,window,63,77.6,0,1,1,1,0
1617,bcn-cdg,window,65,78.0,0,1,0,1,0
1618,bcn-cdg,middle,59,54.41,0,0,1,1,0
1619,bcn-ory,aisle,78,80.6,0,1,0,0,0
1620,bcn-ory,window,59,76.8,0,1,1,1,0
1621,bcn-ory,window,61,77.2,0,1,1,1,0
1622,bcn-cdg,window,79,80.8,0,0,0,1,0
1623,bcn-cdg,aisle,90,83.0,0,1,0,0,0
1624,bcn-ory,aisle,50,75.0,0,0,0,1,0
1625,bcn-cdg,window,54,75.8,0,0,1,1,0
1626,bcn-ory,aisle,69,78.8,0,1,0,1,0
1627,bcn-ory,aisle,57,76.4,0,1,0,1,0
1628,bcn-ory,window,92,83.4,0,0,0,0,0
1629,bcn-ory,window,61,77.2,0,1,1,1,0
1630,bcn-ory,aisle,50,75.0,0,1,0,1,0
1631,bcn-ory,middle,69,54.31,0,0,0,1,0
1632,bcn-ory,aisle,77,80.4,0,1,0,1,0
1633,bcn-cdg,aisle,92,83.4,1,0,0,1,0
1634,bcn-ory,window,86,82.2,0,1,0,1,0
1635,bcn-cdg,aisle,96,84.2,0,1,0,0,1
1636,bcn-cdg,aisle,86,82.2,0,0,0,0,0
1637,bcn-ory,window,61,77.2,0,1,1,1,1
1638,bcn-cdg,window,86,82.2,0,1,1,1,0
1639,bcn-cdg,window,98,84.6,0,1,0,0,0
1640,bcn-cdg,window,98,84.6,0,1,1,0,0
1641,bcn-ory,window,93,83.6,0,1,0,0,0
1642,bcn-ory,window,77,80.4,0,1,0,1,0
1643,bcn-ory,window,96,84.2,1,1,0,0,1
1644,bcn-ory,window,64,77.8,0,1,0,1,0
1645,bcn-ory,middle,55,54.45,0,0,0,1,0
1646,bcn-cdg,aisle,93,83.6,0,1,0,1,0
1647,bcn-cdg,aisle,69,78.8,0,0,0,1,0
1648,bcn-ory,aisle,99,84.8,0,1,1,1,0
1649,bcn-cdg,aisle,63,77.6,0,1,0,0,0
1650,bcn-cdg,window,51,75.2,0,1,0,1,0
1651,bcn-cdg,aisle,58,76.6,1,1,0,1,0
1652,bcn-cdg,aisle,86,82.2,0,1,0,1,0
1653,bcn-ory,aisle,69,78.8,0,0,0,0,1
1654,bcn-ory,aisle,75,80.0,0,1,0,0,0
1655,bcn-ory,window,78,80.6,1,0,1,0,0
1656,bcn-cdg,window,50,75.0,0,0,0,0,0
1657,bcn-cdg,window,84,81.8,0,0,0,1,0
1658,bcn-ory,aisle,55,76.0,0,1,1,0,0
1659,bcn-ory,aisle,86,82.2,0,1,0,1,0
1660,bcn-cdg,window,54,75.8,0,1,0,0,0
1661,bcn-ory,middle,82,54.18,0,0,1,0,0
1662,bcn-ory,aisle,98,84.6,0,0,0,1,0
1663,bcn-cdg,window,63,77.6,0,0,0,0,0
1664,bcn-cdg,window,61,77.2,0,0,0,0,0
1665,bcn-ory,window,91,83.2,0,1,0,1,0
1666,bcn-cdg,window,69,78.8,0,0,0,1,0
1667,bcn-ory,window,99,84.8,0,0,0,0,0
1668,bcn-cdg,window,73,79.6,0,0,0,1,0
1669,bcn-cdg,window,92,83.4,0,0,0,1,0
1670,bcn-ory,window,83,81.6,0,0,1,1,0
1671,bcn-cdg,middle,74,54.26,0,0,0,0,0
1672,bcn-ory,window,99,84.8,0,1,0,0,1
1673,bcn-cdg,aisle,78,80.6,0,1,0,0,0
1674,bcn-ory,aisle,88,82.6,0,1,1,0,0
1675,bcn-cdg,middle,80,54.2,0,1,0,1,0
1676,bcn-cdg,window,96,84.2,0,0,1,1,0
1677,bcn-ory,window,92,83.4,0,1,0,1,0
1678,bcn-cdg,middle,99,54.01,0,1,0,0,0
1679,bcn-ory,middle,72,54.28,0,0,0,1,0
1680,bcn-cdg,middle,93,54.07,0,1,0,0,0
1681,bcn-cdg,window,87,82.4,0,0,0,1,0
1682,bcn-ory,window,69,78.8,0,0,0,1,0
1683,bcn-cdg,aisle,72,79.4,0,0,0,1,0
1684,bcn-cdg,middle,94,54.06,0,1,0,1,0
1685,bcn-ory,aisle,65,78.0,0,1,1,0,0
1686,bcn-cdg,aisle,99,84.8,0,1,1,1,0
1687,bcn-ory,window,91,83.2,0,0,0,1,0
1688,bcn-ory,aisle,57,76.4,0,0,0,1,0
1689,bcn-ory,window,99,84.8,0,0,0,1,0
1690,bcn-cdg,window,70,79.0,0,0,1,1,0
1691,bcn-cdg,aisle,50,75.0,0,1,0,0,0
1692,bcn-ory,aisle,57,76.4,0,0,1,1,0
1693,bcn-cdg,window,78,80.6,0,1,0,0,0
1694,bcn-ory,window,81,81.2,1,1,0,1,0
1695,bcn-cdg,aisle,87,82.4,0,0,0,1,0
1696,bcn-ory,window,54,75.8,0,1,1,0,0
1697,bcn-ory,aisle,96,84.2,0,0,0,1,0
1698,bcn-cdg,window,71,79.2,0,0,0,0,0
1699,bcn-ory,aisle,96,84.2,0,0,1,1,0
1700,bcn-ory,aisle,83,81.6,0,1,0,1,0
1701,bcn-cdg,window,50,75.0,0,0,1,1,0
1702,bcn-ory,window,75,80.0,0,1,0,1,0
1703,bcn-ory,window,92,83.4,0,1,1,1,0
1704,bcn-cdg,window,59,76.8,1,0,1,0,0
1705,bcn-ory,middle,79,54.21,0,1,0,1,0
1706,bcn-ory,window,99,84.8,0,1,1,1,0
1707,bcn-ory,middle,67,54.33,0,0,0,0,1
1708,bcn-ory,window,66,78.2,0,0,0,0,0
1709,bcn-ory,aisle,75,80.0,0,1,0,0,1
1710,bcn-ory,aisle,57,76.4,0,0,0,0,0
1711,bcn-ory,aisle,96,84.2,0,1,0,1,0
1712,bcn-ory,aisle,89,82.8,0,0,0,1,0
1713,bcn-cdg,aisle,98,84.6,0,0,0,1,0
1714,bcn-ory,window,61,77.2,0,0,0,0,0
1715,bcn-ory,middle,76,54.24,0,0,0,0,0
1716,bcn-cdg,middle,57,54.43,0,1,0,0,0
1717,bcn-ory,middle,74,54.26,0,0,1,1,0
1718,bcn-ory,window,95,84.0,0,1,1,1,0
1719,bcn-ory,aisle,53,75.6,0,1,1,1,0
1720,bcn-ory,middle,82,54.18,0,1,0,1,0
1721,bcn-ory,window,50,75.0,0,1,0,1,0
1722,bcn-ory,window,68,78.6,0,0,0,1,0
1723,bcn-cdg,aisle,80,81.0,0,0,0,1,0
1724,bcn-cdg,aisle,65,78.0,0,1,0,1,0
1725,bcn-cdg,middle,63,54.37,0,0,0,0,0
1726,bcn-cdg,window,97,84.4,0,1,0,1,0
1727,bcn-cdg,aisle,54,75.8,0,0,1,1,0
1728,bcn-ory,window,90,83.0,0,1,0,1,1
1729,bcn-ory,window,75,80.0,0,1,0,0,0
1730,bcn-ory,window,77,80.4,0,1,0,1,0
1731,bcn-ory,middle,51,54.49,0,1,0,1,0
1732,bcn-ory,aisle,99,84.8,0,1,1,0,0
1733,bcn-cdg,aisle,55,76.0,0,1,0,1,0
1734,bcn-cdg,window,58,76.6,0,1,0,0,0
1735,bcn-ory,middle,82,54.18,0,0,0,0,1
1736,bcn-ory,window,90,83.0,0,0,0,0,1
1737,bcn-ory,middle,74,54.26,1,0,0,0,0
1738,bcn-cdg,aisle,97,84.4,0,1,1,1,0
1739,bcn-cdg,window,62,77.4,0,0,1,0,0
1740,bcn-ory,aisle,58,76.6,0,1,1,0,1
1741,bcn-cdg,window,62,77.4,0,1,0,0,0
1742,bcn-ory,aisle,80,81.0,0,1,1,0,0
1743,bcn-cdg,aisle,90,83.0,0,1,0,0,0
1744,bcn-cdg,window,60,77.0,0,0,0,1,0
1745,bcn-ory,middle,53,54.47,0,1,0,0,0
1746,bcn-cdg,window,83,81.6,0,1,0,1,0
1747,bcn-cdg,aisle,87,82.4,0,0,0,1,0
1748,bcn-ory,middle,95,54.05,0,0,1,0,1
1749,bcn-cdg,aisle,53,75.6,0,1,0,1,0
1750,bcn-ory,window,87,82.4,0,1,0,0,0
1751,bcn-cdg,middle,68,54.32,0,0,0,0,0
1752,bcn-ory,aisle,55,76.0,0,1,1,0,0
1753,bcn-ory,window,83,81.6,0,1,1,0,0
1754,bcn-cdg,window,67,78.4,0,0,1,1,0
1755,bcn-cdg,aisle,62,77.4,0,1,0,1,0
1756,bcn-ory,aisle,90,83.0,0,1,0,0,1
1757,bcn-cdg,aisle,72,79.4,0,1,0,1,0
1758,bcn-cdg,middle,68,54.32,0,1,0,0,0
1759,bcn-cdg,aisle,94,83.8,0,0,0,1,0
1760,bcn-ory,window,60,77.0,0,0,0,0,0
1761,bcn-ory,window,50,75.0,0,0,0,0,0
1762,bcn-ory,window,73,79.6,0,0,1,0,1
1763,bcn-cdg,aisle,56,76.2,0,0,0,0,0
1764,bcn-cdg,window,74,79.8,0,1,0,1,0
1765,bcn-ory,aisle,70,79.0,0,1,0,1,1
1766,bcn-ory,aisle,64,77.8,0,1,1,0,0
1767,bcn-cdg,middle,50,54.5,0,1,1,1,0
1768,bcn-cdg,window,61,77.2,0,1,1,1,0
1769,bcn-cdg,middle,56,54.44,0,0,1,1,0
1770,bcn-cdg,window,64,77.8,0,0,0,0,0
1771,bcn-ory,middle,70,54.3,0,1,0,1,0
1772,bcn-cdg,window,68,78.6,0,1,0,1,0
1773,bcn-cdg,window,78,80.6,0,0,0,1,0
1774,bcn-ory,aisle,74,79.8,1,1,0,0,0
1775,bcn-ory,window,82,81.4,0,0,0,0,0
1776,bcn-cdg,window,98,84.6,0,1,1,0,0
1777,bcn-ory,aisle,81,81.2,0,1,1,1,0
1778,bcn-cdg,aisle,98,84.6,0,1,1,1,0
1779,bcn-cdg,aisle,84,81.8,0,1,1,0,0
1780,bcn-ory,aisle,93,83.6,0,1,1,1,0
1781,bcn-ory,aisle,87,82.4,0,1,0,1,0
1782,bcn-cdg,window,75,80.0,0,1,0,1,0
1783,bcn-ory,window,60,77.0,0,1,1,1,0
1784,bcn-cdg,window,84,81.8,0,1,1,1,0
1785,bcn-cdg,middle,57,54.43,0,0,0,0,0
1786,bcn-cdg,aisle,95,84.0,0,0,1,1,0
1787,bcn-ory,aisle,63,77.6,0,1,0,0,0
1788,bcn-cdg,aisle,59,76.8,0,0,0,0,0
1789,bcn-cdg,middle,51,54.49,0,0,1,0,0
1790,bcn-cdg,window,95,84.0,1,1,0,0,0
1791,bcn-ory,aisle,58,76.6,0,1,0,0,0
1792,bcn-cdg,aisle,52,75.4,1,1,0,0,0
1793,bcn-cdg,aisle,70,79.0,0,0,1,1,0
1794,bcn-cdg,window,75,80.0,0,0,0,0,1
1795,bcn-ory,middle,57,54.43,0,0,1,1,0
1796,bcn-cdg,middle,97,54.03,0,0,0,0,0
1797,bcn-cdg,aisle,51,75.2,1,0,0,1,0
1798,bcn-ory,aisle,55,76.0,0,0,1,1,0
1799,bcn-ory,middle,77,54.23,0,1,0,0,1
1800,bcn-cdg,aisle,78,80.6,0,1,1,1,0
1801,bcn-cdg,window,75,80.0,0,0,0,1,0
1802,bcn-cdg,aisle,74,79.8,0,0,1,1,0
1803,bcn-ory,aisle,61,77.2,0,1,0,1,0
1804,bcn-ory,aisle,54,75.8,0,0,0,1,0
1805,bcn-cdg,aisle,83,81.6,0,1,0,1,0
1806,bcn-ory,middle,97,54.03,0,0,0,1,0
1807,bcn-cdg,middle,86,54.14,0,0,0,0,0
1808,bcn-cdg,aisle,64,77.8,0,0,0,1,0
1809,bcn-ory,window,93,83.6,1,0,0,0,0
1810,bcn-cdg,middle,85,54.15,0,1,0,1,0
1811,bcn-ory,middle,64,54.36,0,1,0,0,0
1812,bcn-ory,window,92,83.4,0,1,1,1,0
1813,bcn-cdg,middle,97,54.03,0,0,0,1,0
1814,bcn-ory,middle,72,54.28,0,1,0,0,0
1815,bcn-cdg,aisle,55,76.0,1,1,0,0,0
1816,bcn-ory,aisle,95,84.0,0,1,1,1,0
1817,bcn-cdg,window,99,84.8,1,0,0,1,0
1818,bcn-cdg,window,93,83.6,0,0,1,1,0
1819,bcn-cdg,window,92,83.4,0,1,1,0,0
1820,bcn-ory,middle,94,54.06,0,1,1,1,0
1821,bcn-cdg,window,70,79.0,0,0,0,1,0
1822,bcn-ory,window,72,79.4,0,0,0,0,0
1823,bcn-ory,window,92,83.4,0,0,1,0,0
1824,bcn-ory,aisle,65,78.0,0,1,0,1,1
1825,bcn-ory,middle,96,54.04,0,0,0,0,0
1826,bcn-ory,window,64,77.8,0,1,0,0,0
1827,bcn-cdg,window,74,79.8,0,1,1,1,0
1828,bcn-ory,aisle,85,82.0,0,1,0,0,0
1829,bcn-cdg,aisle,60,77.0,0,1,1,1,0
1830,bcn-cdg,window,64,77.8,0,0,0,0,0
1831,bcn-ory,aisle,53,75.6,0,1,0,1,0
1832,bcn-cdg,window,70,79.0,0,0,0,1,0
1833,bcn-cdg,window,62,77.4,0,1,0,0,0
1834,bcn-ory,aisle,71,79.2,1,1,1,1,0
1835,bcn-cdg,aisle,68,78.6,0,0,1,0,0
1836,bcn-ory,middle,83,54.17,0,1,1,1,0
1837,bcn-ory,window,63,77.6,0,1,0,1,0
1838,bcn-ory,aisle,53,75.6,0,0,1,1,1
1839,bcn-cdg,aisle,97,84.4,0,1,0,1,0
1840,bcn-cdg,window,95,84.0,0,1,0,0,1
1841,bcn-cdg,aisle,76,80.2,0,1,0,1,0
1842,bcn-cdg,window,78,80.6,0,0,0,0,0
1843,bcn-ory,middle,96,54.04,0,0,1,0,0
1844,bcn-ory,window,77,80.4,0,0,1,1,0
1845,bcn-cdg,aisle,84,81.8,0,1,0,0,0
1846,bcn-ory,window,57,76.4,0,0,1,1,0
1847,bcn-cdg,middle,65,54.35,0,1,0,0,1
1848,bcn-ory,aisle,91,83.2,0,0,0,1,0
1849,bcn-ory,aisle,85,82.0,0,1,0,0,0
1850,bcn-ory,window,79,80.8,0,0,0,0,0
1851,bcn-ory,aisle,67,78.4,0,0,0,1,0
1852,bcn-ory,window,51,75.2,0,0,0,1,0
1853,bcn-cdg,middle,98,54.02,0,0,1,1,0
1854,bcn-cdg,window,62,77.4,0,1,1,0,0
1855,bcn-ory,window,53,75.6,0,1,0,0,0
1856,bcn-cdg,window,75,80.0,0,1,1,1,0
1857,bcn-ory,aisle,74,79.8,0,1,0,1,0
1858,bcn-ory,aisle,79,80.8,0,1,0,0,0
1859,bcn-ory,window,60,77.0,0,1,1,1,0
1860,bcn-ory,aisle,56,76.2,0,1,0,1,0
1861,bcn-cdg,aisle,80,81.0,1,1,0,1,0
1862,bcn-ory,aisle,93,83.6,1,0,0,1,1
1863,bcn-cdg,aisle,59,76.8,0,1,0,1,0
1864,bcn-ory,aisle,88,82.6,0,0,1,0,0
1865,bcn-ory,aisle,62,77.4,0,1,0,0,0
1866,bcn-cdg,window,80,81.0,0,1,0,1,0
1867,bcn-ory,window,56,76.2,0,0,0,1,0
1868,bcn-ory,middle,98,54.02,0,0,1,1,0
1869,bcn-cdg,middle,91,54.09,0,1,0,0,0
1870,bcn-cdg,window,91,83.2,0,1,1,1,0
1871,bcn-cdg,window,85,82.0,0,0,0,1,0
1872,bcn-ory,aisle,69,78.8,0,1,0,0,0
1873,bcn-ory,aisle,53,75.6,0,1,0,0,0
1874,bcn-cdg,window,56,76.2,0,1,0,1,0
1875,bcn-cdg,window,50,75.0,0,1,0,1,0
1876,bcn-ory,aisle,93,83.6,0,1,0,0,0
1877,bcn-ory,aisle,94,83.8,0,0,1,1,0
1878,bcn-cdg,window,91,83.2,0,1,0,1,0
1879,bcn-cdg,window,96,84.2,0,1,1,1,0
1880,bcn-cdg,window,62,77.4,0,0,0,0,1
1881,bcn-cdg,aisle,71,79.2,0,0,0,1,0
1882,bcn-ory,window,70,79.0,0,0,0,0,0
1883,bcn-ory,window,71,79.2,1,1,0,1,0
1884,bcn-ory,aisle,77,80.4,0,1,0,0,0
1885,bcn-ory,window,58,76.6,0,1,0,1,0
1886,bcn-cdg,aisle,75,80.0,0,1,0,0,0
1887,bcn-ory,window,58,76.6,0,1,0,1,0
1888,bcn-cdg,window,64,77.8,0,0,0,1,0
1889,bcn-ory,window,59,76.8,0,0,0,0,0
1890,bcn-ory,aisle,73,79.6,0,0,0,1,0
1891,bcn-ory,middle,91,54.09,0,0,0,0,0
1892,bcn-cdg,middle,57,54.43,1,1,0,0,0
1893,bcn-ory,window,73,79.6,0,1,0,1,0
1894,bcn-cdg,aisle,65,78.0,0,0,0,0,0
1895,bcn-cdg,window,98,84.6,0,1,0,1,0
1896,bcn-ory,window,75,80.0,1,1,0,1,0
1897,bcn-cdg,middle,76,54.24,0,0,0,1,0
1898,bcn-ory,window,86,82.2,0,0,0,0,0
1899,bcn-cdg,window,53,75.6,0,0,0,1,0
1900,bcn-ory,window,99,84.8,0,0,0,1,0
1901,bcn-cdg,window,73,79.6,0,1,0,0,1
1902,bcn-cdg,window,68,78.6,0,0,0,1,0
1903,bcn-ory,aisle,85,82.0,0,0,1,0,1
1904,bcn-ory,aisle,88,82.6,0,1,0,1,0
1905,bcn-ory,middle,59,54.41,0,1,0,0,0
1906,bcn-ory,middle,74,54.26,0,0,0,1,0
1907,bcn-cdg,window,67,78.4,1,0,0,1,0
1908,bcn-cdg,window,68,78.6,0,0,0,0,1
1909,bcn-cdg,window,85,82.0,1,0,0,0,0
1910,bcn-cdg,aisle,59,76.8,0,0,1,1,0
1911,bcn-ory,window,82,81.4,0,1,0,1,0
1912,bcn-cdg,aisle,99,84.8,0,0,0,0,0
1913,bcn-ory,aisle,54,75.8,0,0,0,0,1
1914,bcn-cdg,aisle,96,84.2,0,1,0,1,0
1915,bcn-ory,aisle,98,84.6,0,0,0,1,0
1916,bcn-ory,window,84,81.8,0,0,1,1,0
1917,bcn-ory,middle,93,54.07,1,0,0,1,0
1918,bcn-ory,aisle,83,81.6,0,1,1,0,0
1919,bcn-ory,window,82,81.4,0,0,1,1,1
1920,bcn-cdg,middle,70,54.3,0,1,1,1,0
1921,bcn-ory,aisle,66,78.2,0,1,0,0,0
1922,bcn-cdg,middle,71,54.29,0,0,0,1,0
1923,bcn-cdg,aisle,97,84.4,0,1,0,1,1
1924,bcn-ory,aisle,86,82.2,0,0,0,0,0
1925,bcn-cdg,window,64,77.8,0,0,0,1,0
1926,bcn-cdg,window,84,81.8,0,1,1,0,0
1927,bcn-cdg,aisle,77,80.4,0,1,0,1,0
1928,bcn-ory,aisle,56,76.2,0,1,0,1,0
1929,bcn-ory,window,81,81.2,0,0,0,0,0
1930,bcn-ory,window,60,77.0,0,0,0,0,0
1931,bcn-ory,middle,59,54.41,0,1,0,1,0
1932,bcn-cdg,middle,58,54.42,0,0,1,1,0
1933,bcn-cdg,aisle,63,77.6,0,0,1,1,0
1934,bcn-cdg,window,62,77.4,0,0,1,1,0
1935,bcn-cdg,window,74,79.8,0,0,1,1,0
1936,bcn-cdg,window,51,75.2,0,1,1,1,0
1937,bcn-cdg,middle,84,54.16,0,0,0,1,0
1938,bcn-ory,window,56,76.2,0,1,1,0,1
1939,bcn-cdg,aisle,70,79.0,0,0,0,1,0
1940,bcn-cdg,window,67,78.4,0,1,0,1,0
1941,bcn-cdg,aisle,52,75.4,0,0,0,1,0
1942,bcn-ory,aisle,91,83.2,0,0,0,1,0
1943,bcn-cdg,middle,88,54.12,0,0,0,1,0
1944,bcn-cdg,window,90,83.0,0,0,0,1,0
1945,bcn-ory,window,98,84.6,0,1,0,0,0
1946,bcn-cdg,window,60,77.0,0,1,1,0,0
1947,bcn-ory,middle,88,54.12,0,1,0,1,0
1948,bcn-ory,middle,73,54.27,0,0,0,0,0
1949,bcn-cdg,aisle,95,84.0,0,0,0,0,0
1950,bcn-cdg,aisle,68,78.6,0,0,0,0,0
1951,bcn-ory,aisle,53,75.6,0,1,1,1,0
1952,bcn-cdg,window,75,80.0,0,1,0,1,0
1953,bcn-cdg,middle,87,54.13,0,1,0,1,1
1954,bcn-ory,aisle,91,83.2,0,0,1,1,0
1955,bcn-ory,window,81,81.2,0,1,1,0,0
1956,bcn-cdg,aisle,88,82.6,0,0,0,1,0
1957,bcn-ory,window,94,83.8,0,1,1,1,0
1958,bcn-cdg,window,95,84.0,0,1,0,1,0
1959,bcn-cdg,aisle,85,82.0,0,1,0,0,0
1960,bcn-cdg,window,89,82.8,0,1,0,0,1
1961,bcn-cdg,aisle,86,82.2,0,0,1,0,1
1962,bcn-ory,window,82,81.4,0,1,0,1,0
1963,bcn-cdg,window,85,82.0,0,0,0,1,0
1964,bcn-ory,window,52,75.4,0,1,0,1,0
1965,bcn-cdg,window,58,76.6,0,0,0,1,0
1966,bcn-cdg,aisle,57,76.4,0,1,0,1,0
1967,bcn-ory,window,82,81.4,0,1,1,1,0
1968,bcn-cdg,aisle,55,76.0,0,1,0,0,0
1969,bcn-ory,aisle,90,83.0,0,1,0,0,0
1970,bcn-ory,aisle,88,82.6,0,1,1,1,0
1971,bcn-cdg,middle,53,54.47,0,1,0,0,0
1972,bcn-cdg,aisle,62,77.4,0,1,0,1,0
1973,bcn-cdg,window,98,84.6,0,1,0,1,0
1974,bcn-cdg,window,51,75.2,0,0,0,1,0
1975,bcn-ory,window,54,75.8,0,1,0,1,0
1976,bcn-cdg,aisle,93,83.6,0,1,0,1,0
1977,bcn-cdg,window,76,80.2,0,1,0,1,0
1978,bcn-cdg,aisle,81,81.2,0,0,0,0,0
1979,bcn-cdg,aisle,70,79.0,0,0,1,0,0
1980,bcn-cdg,window,57,76.4,0,1,1,0,1
1981,bcn-ory,aisle,87,82.4,0,0,1,1,0
1982,bcn-cdg,window,57,76.4,0,1,1,0,0
1983,bcn-ory,window,99,84.8,0,0,0,0,0
1984,bcn-cdg,aisle,52,75.4,0,0,1,0,0
1985,bcn-cdg,aisle,93,83.6,0,1,0,1,0
1986,bcn-cdg,aisle,52,75.4,0,1,1,1,0
1987,bcn-ory,aisle,71,79.2,0,1,0,1,0
1988,bcn-cdg,window,55,76.0,0,1,0,1,0
1989,bcn-ory,middle,51,54.49,0,0,1,1,0
1990,bcn-ory,aisle,72,79.4,0,1,1,1,0
1991,bcn-cdg,aisle,93,83.6,1,0,0,1,0
1992,bcn-ory,window,51,75.2,0,1,1,1,0
1993,bcn-cdg,aisle,87,82.4,1,1,0,0,0
1994,bcn-cdg,window,66,78.2,0,0,0,1,0
1995,bcn-ory,window,84,81.8,0,1,0,0,0
1996,bcn-cdg,middle,83,54.17,0,1,0,1,0
1997,bcn-cdg,window,72,79.4,0,0,1,1,0
1998,bcn-ory,middle,79,54.21,0,1,1,0,0
1999,bcn-ory,aisle,57,76.4,0,0,1,0,0
